,Order,Priority,Estimated costs,Time_Diff,Failure rate,MTBF,MTTR
Order,1.0,0.09562747737061572,0.025220369663543164,0.14613620168049893,0.07289230865341507,-0.0907717831264965,0.021311325117141712
Priority,0.09562747737061572,1.0,0.04019158963276037,0.04526175038104702,-0.032161503750354,-0.002242419463103067,0.025328444706114246
Estimated costs,0.025220369663543164,0.04019158963276037,1.0,-0.014662827640367117,-0.007012301380928038,-0.01076186105913205,0.89246041050508
Time_Diff,0.14613620168049893,0.04526175038104702,-0.014662827640367117,1.0,-0.24299358228162715,0.7637364067940274,-0.004235929399928494
Failure rate,0.07289230865341507,-0.032161503750354,-0.007012301380928038,-0.24299358228162715,1.0,-0.047794652653982625,-0.007857268847319977
MTBF,-0.0907717831264965,-0.002242419463103067,-0.01076186105913205,0.7637364067940274,-0.047794652653982625,1.0,-0.012058642526273422
MTTR,0.021311325117141712,0.025328444706114246,0.89246041050508,-0.004235929399928494,-0.007857268847319977,-0.012058642526273422,1.0
