Metric,Value
Total failures,6578.0
Avg_MTBF,496.4353131915272
Avg_MTTR,42.96854375190027
Avg_Cost_per_Failure,4296.854375190027
