Strategy,NPV,ROI,Payback,Implementation_Cost,Annual_Cost
Reactive,-4272009300.9497538,inf,Immediate,0,0
Preventive,1494695348.2178288,14946.953482178287,0.00 years,100000,50000
Pareto DDM,2135395161.9373748,17794.959682811455,0.00 years,120000,60000
Full DDM,2775690231.3881693,9252.300771293898,0.00 years,300000,100000
